Oscar Robertson,1960,1
Jerry West,1960,2
Darrall Imhoff,1960,3
Jackie Moreland,1960,4
Lee Shaffer,1960,5
Lenny Wilkens,1960,6
Al Bunge,1960,7
Thomas Sanders,1960,8
Jay Arnette,1960,9
Dave Budd,1960,10
Kelly Coleman,1960,11
Ron Johnson,1960,12
Wilbur Trosch,1960,13
Frank Radovich,1960,14
William Kennedy,1960,15
Leroy Wright,1960,16
Walt Bellamy,1961,1
Tom Stith,1961,2
Larry Siegfried,1961,3
Ray Scott,1961,4
Wayne Yates,1961,5
Ben Warley,1961,6
Tom Meschery,1961,7
Cleo Hill,1961,8
Gary Phillips,1961,9
Ronald Martin,1961,10
Bob Wiesenhahn,1961,11
Johnny Egan,1961,12
Fred Sawyer,1961,13
Chris Smith,1961,14
Ted Luckenbill,1961,15
Ron Horn,1961,16
Al Butler,1961,17
Jack Turner,1961,18
Jerry Graves,1961,19
York Larese,1961,20
Don Kojis,1961,21
Doug Moe,1961,22
Jeff Cohen,1961,23
Bill McGill,1962,1
Paul Hogue,1962,2
Zelmo Beaty,1962,3
Len Chappell,1962,4
Wayne Hightower,1962,5
Leroy Ellis,1962,6
John Havlicek,1962,7
Terry Dischinger,1962,8
John Rudometkin,1962,9
Bob Duffy,1962,10
Kevin Loughery,1962,11
Chet Walker,1962,12
Enoch Olsen,1962,13
Hubie White,1962,14
Gene Wiley,1962,15
Jack Foley,1962,16
Dave DeBusschere,1962,17
Jerry Lucas,1962,18
Art Heyman,1963,1
Rod Thorn,1963,2
Nate Thurmond,1963,3
Eddie Miles,1963,4
Gerry Ward,1963,5
Tom Hoover,1963,6
Roger Strickland,1963,7
Bill Green,1963,8
Jerry Harkness,1963,9
Gus Johnson,1963,10
Gary Hill,1963,11
Jerry Smith,1963,12
Jim King,1963,13
Leland Mitchell,1963,14
Hershell West,1963,15
Mel Gibson,1963,16
Ken Saylors,1963,17
Tom Thacker,1963,18
Jim Barnes,1964,1
Joe Caldwell,1964,2
Gary Bradds,1964,3
Lucious Jackson,1964,4
Jeff Mullins,1964,5
Barry Kramer,1964,6
Mel Counts,1964,7
Willis Reed,1964,8
Les Hunter,1964,9
Paul Silas,1964,10
Ira Harge,1964,11
Charles Nash,1964,12
Howard Komives,1964,13
Bud Koper,1964,14
Bill Chmielewski,1964,15
Ron Bonham,1964,16
George Wilson,1964,17
Walt Hazzard,1964,18
Fred Hetzel,1965,1
Rick Barry,1965,2
Dave Stallworth,1965,3
Jerry Sloan,1965,4
Billy Cunningham,1965,5
Jim Washington,1965,6
Nate Bowman,1965,7
Ollie Johnson,1965,8
Will Frazier,1965,9
Dick Van Arsdale,1965,10
Tom Van Arsdale,1965,11
Tal Brody,1965,12
Jesse Branson,1965,13
Hal Blevins,1965,14
Flynn Robinson,1965,15
John Fairchild,1965,16
Ron Watts,1965,17
Gail Goodrich,1965,18
Bill Buntin,1965,19
Bill Bradley,1965,20
Cazzie Russell,1966,1
Dave Bing,1966,2
Clyde Lee,1966,3
Lou Hudson,1966,4
Jack Marin,1966,5
Walt Wesley,1966,6
Jerry Chambers,1966,7
Jim Barnett,1966,8
Matt Guokas,1966,9
Dave Schellhase,1966,10
Henry Akin,1966,11
Dorie Murrey,1966,12
Joe Ellis,1966,13
Dick Snyder,1966,14
Neil Johnson,1966,15
Jerry Lee Wells,1966,16
Hank Finkel,1966,17
Leon Clark,1966,18
Bill Melchionni,1966,19
Erwin Mueller,1966,20
Jimmy Walker,1967,1
Earl Monroe,1967,2
Clem Haskins,1967,3
Lloyd Dove,1967,4
Walt Frazier,1967,5
Al Tucker,1967,6
Pat Riley,1967,7
Tom Workman,1967,8
Mel Daniels,1967,9
Dave Lattin,1967,10
Mal Graham,1967,11
Craig Raymond,1967,12
Jimmy Jones,1967,13
Steve Sullivan,1967,14
Byron Beck,1967,15
Randolph Mahaffey,1967,16
Phil Jackson,1967,17
Bob Netolicky,1967,18
Bob Rule,1967,19
Elvin Hayes,1968,1
Wes Unseld,1968,2
Bob Kauffman,1968,3
Tom Boerwinkle,1968,4
Zaid Abdul-Aziz,1968,5
Otto Moore,1968,6
Charlie Paulk,1968,7
Gary Gregor,1968,8
Ron Williams,1968,9
Wilmer Hosket,1968,10
Bill Hewitt,1968,11
Don Chaney,1968,12
Skip Harlicka,1968,13
Shaler Halimon,1968,14
John Trapp,1968,15
Art Harris,1968,16
Loy Petersen,1968,17
Bob Quick,1968,18
Ron Dunlap,1968,19
Emanuel Leaks,1968,20
Dick Cunningham,1968,21
Gene Moore,1968,22
Kareem Abdul-Jabbar,1969,1
Neal Walk,1969,2
Lucius Allen,1969,3
Terry Driscoll,1969,4
Larry Cannon,1969,5
Bingo Smith,1969,6
Bob Portman,1969,7
Herm Gilliam,1969,8
Jojo White,1969,9
Butch Beard,1969,10
Johnny Warren,1969,11
Willie McCarter,1969,12
Carlos Ogden,1969,13
Mike Davis,1969,14
Rick Roberson,1969,15
Simmie Hill,1969,16
Bob Greacen,1969,17
Ronald Taylor,1969,18
Willie Norwood,1969,19
Ken Spain,1969,20
Bernie Williams,1969,21
Ed Siudet,1969,22
Johnny Baum,1969,23
Gene Williams,1969,24
Wally Anderzunas,1969,25
Bill Bunting,1969,26
Eldo Garrett,1969,27
Willie Taylor,1969,28
Willie Scott,1969,29
Bob Lanier,1970,1
Rudy Tomjanovich,1970,2
Pete Maravich,1970,3
Dave Cowens,1970,4
Sam Lacey,1970,5
Jim Ard,1970,6
John Johnson,1970,7
Geoff Petrie,1970,8
George Johnson,1970,9
Greg Howard,1970,10
Jimmy Collins,1970,11
Al Henry,1970,12
Jim McMillian,1970,13
John Vallely,1970,14
John Hummer,1970,15
Gary Freeman,1970,16
Mike Price,1970,17
Calvin Murphy,1970,18
Nate Archibald,1970,19
Jake Ford,1970,20
Rex Morgan,1970,21
Doug Cook,1970,22
Pete Cross,1970,23
Cornell Warner,1970,24
Walt Gilmore,1970,25
Dave Sorenson,1970,26
Fred Taylor,1970,27
Paul Ruffner,1970,28
Joe DePre,1970,29
Ernie Killum,1970,30
Dan Hester,1970,31
Ken Warzynski,1970,32
Bill Zopf,1970,33
Howie Wright,1970,34
Austin Carr,1971,1
Sidney Wicks,1971,2
Elmore Smith,1971,3
Ken Durrett,1971,4
George Trapp,1971,5
Fred Brown,1971,6
Cliff Meely,1971,7
Darnell Hillman,1971,8
Stan Love,1971,9
Clarence Glover,1971,10
Curtis Rowe,1971,11
Dana Lewis,1971,12
Jim Cleamons,1971,13
John Roche,1971,14
Kenny McIntosh,1971,15
Dean Meminger,1971,16
Collis Jones,1971,17
Steve Patterson,1971,18
Fred Hilton,1971,19
Willard Sojourner,1971,20
John Mengelt,1971,21
Ted McClain,1971,22
Jim McDaniels,1971,23
Mike Newlin,1971,24
Charlie Yelverton,1971,25
Amos Thomas,1971,26
Richard Fisher,1971,27
Jim Rose,1971,28
Isaiah Wilson,1971,29
Spencer Haywood,1971,30
Joe Bergman,1971,31
Howard Porter,1971,32
Marvin Stewart,1971,33
Gregg Northington,1971,34
Willie Long,1971,35
Larue Martin,1972,1
Bob McAdoo,1972,2
Double D Davis,1972,3
Corky Calhoun,1972,4
Fred Boyd,1972,5
Russell Lee,1972,6
Isaac Stallworth,1972,7
Tom Riker,1972,8
Bob Nash,1972,9
Paul Westphal,1972,10
Ralph Simpson,1972,11
Julius Erving,1972,12
Travis Grant,1972,13
Bob Davis,1972,14
Harold Fox,1972,15
Jim Price,1972,16
Chris Ford,1972,17
Joby Wright,1972,18
Sam Sibert,1972,19
John Gianelli,1972,20
Steve Bracey,1972,21
Paul Stovall,1972,22
Brian Taylor,1972,23
Steve Hawes,1972,24
Tommy Patterson,1972,25
Dave Twardzik,1972,26
Dennis Wuycik,1972,27
Mike Ratliff,1972,28
Chuck Terry,1972,29
Ollie Johnson,1972,30
Doug Collins,1973,1
Jim Brewer,1973,2
Ernie DiGregorio,1973,3
Mike Green,1973,4
Kermit Washington,1973,5
Ed Ratleff,1973,6
Ron Behagen,1973,7
Mike Bantom,1973,8
Dwight Jones,1973,9
John Brown,1973,10
Kevin Joyce,1973,11
Kevin Kunnert,1973,12
Nick Weatherspoon,1973,13
Mel Davis,1973,14
Barry Parkhill,1973,15
Swen Nater,1973,16
Steve Downing,1973,17
Raymond Lewis,1973,18
Louie Nelson,1973,19
Mike D'Antoni,1973,20
Allan Bristow,1973,21
George McGinnis,1973,22
Billy Schaeffer,1973,23
Kevin Stacom,1973,24
Larry McNeill,1973,25
Allan Hornyak,1973,26
Tom Ingelsby,1973,27
Patrick McFarland,1973,28
Derrek Dickey,1973,29
Wendell Hudson,1973,30
Jim Chones,1973,31
Caldwell Jones,1973,32
Gary Melchionni,1973,33
John Perry,1973,34
Phil Hankinson,1973,35
Bill Walton,1974,1
Marvin Barnes,1974,2
Tom Burleson,1974,3
John Shumate,1974,4
Bobby Jones,1974,5
Scott Wedman,1974,6
Tom Henderson,1974,7
Campy Russell,1974,8
Tom McMillen,1974,9
Mike Sojourner,1974,10
Jamaal Wilkes,1974,11
Brian Winters,1974,12
Len Elmore,1974,13
Maurice Lucas,1974,14
Al Eberhard,1974,15
Cliff Pondexter,1974,16
Glenn McDonald,1974,17
Gary Brokaw,1974,18
Don Smith,1974,19
Jan Van Breda Kolff,1974,20
Billy Knight,1974,21
Truck Robinson,1974,22
Gus Bailey,1974,23
Len Kosmalski,1974,24
John Drew,1974,25
Leonard Gray,1974,26
Leon Benbow,1974,27
Aaron James,1974,28
Phil Smith,1974,29
Dennis DuVal,1974,30
Fred Saunders,1974,31
Jesse Dark,1974,32
Eric Money,1974,33
Phil Lumpkin,1974,34
Kevin Stacom,1974,35
Rubin Collins,1974,36
David Thompson,1975,1
Dave Meyers,1975,2
Marvin Webster,1975,3
Alvan Adams,1975,4
Darryl Dawkins,1975,5
Lionel Hollins,1975,6
Rich Kelley,1975,7
Junior Bridgeman,1975,8
Gene Short,1975,9
Bill Robinzine,1975,10
Joe Meriweather,1975,11
Frank Oleynick,1975,12
Bob Bigelow,1975,13
Joe Bryant,1975,14
John Lambert,1975,15
Ricky Sobers,1975,16
Tom Boswell,1975,17
Kevin Grevey,1975,18
Bill Willoughby,1975,19
Gus Williams,1975,20
Bruce Seals,1975,21
Clyde Mayes,1975,22
World Free,1975,23
Cornelius Cash,1975,24
Bob Gross,1975,25
Luther Burden,1975,26
Walter Luckett,1975,27
Dan Roundfield,1975,28
Jim Blanks,1975,29
Steve Green,1975,30
Glenn Hansen,1975,31
John Laskowski,1975,32
Mel Utley,1975,33
Larry Fogle,1975,34
Allen Murphy,1975,35
Jimmy Conner,1975,36
John Lucas,1976,1
Scott May,1976,2
Richard Washington,1976,3
Leon Douglas,1976,4
Wally Walker,1976,5
Adrian Dantley,1976,6
Quinn Buckner,1976,7
Robert Parish,1976,8
Armond Hill,1976,9
Ron Lee,1976,10
Bob Wilkerson,1976,11
Terry Furlow,1976,12
Mitch Kupchak,1976,13
Larry Wright,1976,14
Chuckie Williams,1976,15
Norm Cook,1976,16
Sonny Parker,1976,17
Willie Smith,1976,18
Bayard Forrest,1976,19
Major Jones,1976,20
Earl Tatum,1976,21
Johnny Davis,1976,22
Alex English,1976,23
Scott Lloyd,1976,24
Lonnie Shelton,1976,25
Jacky Dorsey,1976,26
Phil Hicks,1976,27
Bob Carrington,1976,28
Dennis Johnson,1976,29
Al Fleming,1976,30
Joe Pace,1976,31
Mo Howard,1976,32
Butch Feher,1976,33
Marshall Rogers,1976,34
Kent Benson,1977,1
Otis Birdsong,1977,2
Marques Johnson,1977,3
Greg Ballard,1977,4
Walter Davis,1977,5
Kenny Carr,1977,6
Bernard King,1977,7
Jack Sikma,1977,8
Tom LaGarde,1977,9
Ray Williams,1977,10
Ernie Grunfeld,1977,11
Cedric Maxwell,1977,12
Tate Armstrong,1977,13
Tree Rollins,1977,14
Brad Davis,1977,15
Rickey Green,1977,16
Bo Ellis,1977,17
Wesley Cox,1977,18
Rich Laurel,1977,19
Glenn Mosley,1977,20
Anthony Roberts,1977,21
Norm Nixon,1977,22
Mike Glenn,1977,23
Larry Johnson,1977,24
Wilson Washington,1977,25
Glen Gondrezick,1977,26
Glenn Williams,1977,27
Kim Anderson,1977,28
Alonzo Bradley,1977,29
Steve Sheppard,1977,30
Eddie Owens,1977,31
Toby Knight,1977,32
Eddie Jordan,1977,33
Larry Moffett,1977,34
Mark Landsberger,1977,35
Ben Poquette,1977,36
Jeff Wilkins,1977,37
Ricky Love,1977,38
Phil Walker,1977,39
Robert Reid,1977,40
T.R. Dunn,1977,41
Bob Elliott,1977,42
Herm Harris,1977,43
Essie Hollis,1977,44
Mychal Thompson,1978,1
Phil Ford,1978,2
Rick Robey,1978,3
Micheal Ray Richardson,1978,4
Purvis Short,1978,5
Larry Bird,1978,6
Ron Brewer,1978,7
Freeman Williams,1978,8
Reggie Theus,1978,9
Butch Lee,1978,10
James Hardy,1978,11
George Johnson,1978,12
Winford Boynes,1978,13
Roger Phegley,1978,14
Mike Mitchell,1978,15
Jack Givens,1978,16
Rod Griffin,1978,17
Dave Corzine,1978,18
Marty Byrnes,1978,19
Frankie Sanders,1978,20
Mike Evans,1978,21
Raymond Townsend,1978,22
Terry Tyler,1978,23
Keith Herron,1978,24
Rick Wilson,1978,25
Ron Carter,1978,26
Wayne Radford,1978,27
Buster Matheney,1978,28
John Long,1978,29
Jeff Judkins,1978,30
Marvin Johnson,1978,31
John Rudd,1978,32
Harry Davis,1978,33
Greg Bunch,1978,34
Tommy Green,1978,35
Maurice Cheeks,1978,36
Terry Sykes,1978,37
Lew Massey,1978,38
James Lee,1978,39
Wayne Cooper,1978,40
Jerome Whitehead,1978,41
Kevin McDonald,1978,42
Glenn Hagan,1978,43
Clemon Johnson,1978,44
Magic Johnson,1979,1
David Greenwood,1979,2
Bill Cartwright,1979,3
Greg Kelser,1979,4
Sidney Moncrief,1979,5
James Bailey,1979,6
Vinnie Johnson,1979,7
Calvin Natt,1979,8
Larry Demic,1979,9
Roylee Hamilton,1979,10
Cliff T. Robinson,1979,11
Jim Paxson,1979,12
Dudley Bradley,1979,13
Brad Holland,1979,14
Phil Hubbard,1979,15
Jim Spanarkel,1979,16
Lee Johnson,1979,17
Reggie King,1979,18
Wiley Peck,1979,19
Larry Knight,1979,20
Sly Williams,1979,21
Kyle Macy,1979,22
Tico Brown,1979,23
Johnny High,1979,24
Ollie Mack,1979,25
Bruce Flowers,1979,26
Reggie Carter,1979,27
Danny Salisbury,1979,28
Tony Price,1979,29
Gary Garland,1979,30
Edgar Jones,1979,31
Tony Zeno,1979,32
Lawrence Butler,1979,33
Kim Goetz,1979,34
James Bradley,1979,35
Clint Richardson,1979,36
Bernard Toone,1979,37
Larry Wilson,1979,38
Victor King,1979,39
Andrew Fields,1979,40
Mark Young,1979,41
Paul Mokeski,1979,42
Johnny Moore,1979,43
Joe DeSantis,1979,44
Joe Barry Carroll,1980,1
Darrell Griffith,1980,2
Kevin McHale,1980,3
Kelvin Ransey,1980,4
Jamesearl Ray,1980,5
Mike O'Koren,1980,6
Mike Gminski,1980,7
Andrew Toney,1980,8
Michael Brooks,1980,9
Ronnie Lester,1980,10
Kiki Vandeweghe,1980,11
Mike Woodson,1980,12
Rickey Brown,1980,13
Wes Matthews,1980,14
Reggie Johnson,1980,15
Charles Whitney,1980,16
Larry Drew,1980,17
Don Collins,1980,18
John Duren,1980,19
Bill Hanzlik,1980,20
Monti Davis,1980,21
Chad Kinch,1980,22
Carl Nicks,1980,23
Larry Smith,1980,24
Jeff Ruland,1980,25
Sam Worthen,1980,26
John Stroud,1980,27
Craig Shelton,1980,28
Louis Orr,1980,29
Kenny Natt,1980,30
Wayne Robinson,1980,31
David Lawrence,1980,32
Bruce Collins,1980,33
Roosevelt Bouie,1980,34
Rick Mahorn,1980,35
Dewayne Scales,1980,36
Butch Carter,1980,37
Terry Stotts,1980,38
Michael Wiley,1980,39
Dick Miller,1980,40
Jawann Oldham,1980,41
Kimberly Belton,1980,42
Billy Williams,1980,43
Clyde Austin,1980,44
Brad Branson,1980,45
Arnette Hallman,1980,46
Mark Aguirre,1981,1
Isiah Thomas,1981,2
Buck Williams,1981,3
Al Wood,1981,4
Danny Vranes,1981,5
Orlando Woolridge,1981,6
Steve Johnson,1981,7
Tom Chambers,1981,8
Rolando Blackman,1981,9
Albert King,1981,10
Frank Johnson,1981,11
Kelly Tripucka,1981,12
Dan Schayes,1981,13
Herb Williams,1981,14
Jeff Lamp,1981,15
Darnell Valentine,1981,16
Kevin Loder,1981,17
Ray Tolbert,1981,18
Mike McGee,1981,19
Larry Nance,1981,20
Alton Lister,1981,21
Franklin Edwards,1981,22
Charles Bradley,1981,23
Jay Vincent,1981,24
Tracy Jackson,1981,25
Brian Jackson,1981,26
Howard Wood,1981,27
Gene Banks,1981,28
Eddie Johnson,1981,29
Ed Rains,1981,30
Danny Ainge,1981,31
Mike Olliver,1981,32
Samuel Williams,1981,33
Ken Green,1981,34
Charlie Davis,1981,35
Ray Blume,1981,36
Al Leslie,1981,37
Clyde Bradshaw,1981,38
Harvey Knuckles,1981,39
Greg Cook,1981,40
Claude Gregory,1981,41
Elvis Rolle,1981,42
Elston Turner,1981,43
Steve Lingenfelter,1981,44
Ed Turner,1981,45
Vernon Smith,1981,46
James Worthy,1982,1
Terry Cummings,1982,2
Dominique Wilkins,1982,3
Bill Garnett,1982,4
LaSalle Thompson,1982,5
Trent Tucker,1982,6
Quintin Dailey,1982,7
Clark Kellogg,1982,8
Cliff Levingston,1982,9
Keith Edmonson,1982,10
Lafayette Lever,1982,11
John Bagley,1982,12
Sleepy Floyd,1982,13
Lester Conner,1982,14
David Thirdkill,1982,15
Terry Teagle,1982,16
Brook Steppe,1982,17
Ricky Pierce,1982,18
Rob Williams,1982,19
Paul Pressey,1982,20
Eddie Phillips,1982,21
Mark McNamara,1982,22
Darren Tillis,1982,23
Oliver Robinson,1982,24
Bryan Warrick,1982,25
Ricky Frazier,1982,26
Fred Roberts,1982,27
Dave Magley,1982,28
Scott Hastings,1982,29
Wallace Bryant,1982,30
Rod Higgins,1982,31
Richard Anderson,1982,32
Linton Townes,1982,33
Vince Taylor,1982,34
Derek Smith,1982,35
Mitchell Anderson,1982,36
Audie Norris,1982,37
Wayne Sappleton,1982,38
Kevin Magee,1982,39
Guy Morgan,1982,40
Dwight Anderson,1982,41
Jeff Taylor,1982,42
Jose Slaughter,1982,43
Mike Gibson,1982,44
Russ Schoene,1982,45
Tony Guy,1982,46
Ralph Sampson,1983,1
Steve Stipanovich,1983,2
Rodney McCray,1983,3
Byron Scott,1983,4
Sidney Green,1983,5
Russell Cross,1983,6
Thurl Bailey,1983,7
Antoine Carr,1983,8
Dale Ellis,1983,9
Jeff Malone,1983,10
Derek Harper,1983,11
Darrell Walker,1983,12
Ennis Whatley,1983,13
Clyde Drexler,1983,14
Howard Carter,1983,15
Jon Sundvold,1983,16
Leo Rautins,1983,17
Randy Breuer,1983,18
John Paxson,1983,19
Roy Hinson,1983,20
Greg Kite,1983,21
Randy Wittman,1983,22
Mitchell Wiggins,1983,23
Stewart Granger,1983,24
Sidney Lowe,1983,25
Leroy Combs,1983,26
John Garris,1983,27
Rod Foster,1983,28
Larry Micheaux,1983,29
Mark West,1983,30
Doc Rivers,1983,31
Michael Britt,1983,32
Dirk Minniefield,1983,33
Guy Williams,1983,34
Darrell Lockhart,1983,35
Scooter McCray,1983,36
David Russell,1983,37
Chris McNealy,1983,38
Granville Waiters,1983,39
Jim Thomas,1983,40
Ted Kitchel,1983,41
Mike Davis,1983,42
Pace Mannion,1983,43
Horace Owens,1983,44
Paul Williams,1983,45
Kevin Williams,1983,46
Ken Lyons,1983,47
Hakeem Olajuwon,1984,1
Sam Bowie,1984,2
Michael Jordan,1984,3
Sam Perkins,1984,4
Charles Barkley,1984,5
Mel Turpin,1984,6
Alvin Robertson,1984,7
Lancaster Gordon,1984,8
Otis Thorpe,1984,9
Leon Wood,1984,10
Kevin Willis,1984,11
Tim McCormick,1984,12
Jay Humphries,1984,13
Michael Cage,1984,14
Terence Stansbury,1984,15
John Stockton,1984,16
Jeff Turner,1984,17
Vern Fleming,1984,18
Bernard Thompson,1984,19
Tony Campbell,1984,20
Kenny Fields,1984,21
Tom Sewell,1984,22
Earl Jones,1984,23
Michael Young,1984,24
Devin Durrant,1984,25
Victor Fleming,1984,26
Ron Anderson,1984,27
Cory Blackwell,1984,28
Stuart Gray,1984,29
Steve Burtt,1984,30
Jay Murphy,1984,31
Eric Turner,1984,32
Steve Colter,1984,33
Tony Costner,1984,34
Othell Wilson,1984,35
Charles Jones,1984,36
Ben Coleman,1984,37
Charlie Sitton,1984,38
Danny Young,1984,39
Anthony Teachey,1984,40
Tom Sluby,1984,41
Willie White,1984,42
Greg Wiltjer,1984,43
Fred Reynolds,1984,44
Gary Plummer,1984,45
Jerome Kersey,1984,46
Ronnie Williams,1984,47
Patrick Ewing,1985,1
Wayman Tisdale,1985,2
Benoit Benjamin,1985,3
Xavier McDaniel,1985,4
Jon Koncak,1985,5
Joe Kleine,1985,6
Chris Mullin,1985,7
Detlef Schrempf,1985,8
Charles Oakley,1985,9
Ed Pinckney,1985,10
Keith Lee,1985,11
Kenny Green,1985,12
Karl Malone,1985,13
Alfredrick Hughes,1985,14
Blair Rasmussen,1985,15
Bill Wennington,1985,16
Uwe Blab,1985,17
Joe Dumars,1985,18
Steve Harris,1985,19
Sam Vincent,1985,20
Terry Catledge,1985,21
Jerry Reynolds,1985,22
A.C. Green,1985,23
Terry Porter,1985,24
Mike Smrek,1985,25
Bill Martin,1985,26
Dwayne McClain,1985,27
Ken Johnson,1985,28
Mike Brittain,1985,29
Calvin Duncan,1985,30
Manute Bol,1985,31
Nick Vanos,1985,32
Greg Stokes,1985,33
Aubrey Sherrod,1985,34
Tyrone Corbin,1985,35
Yvon Joseph,1985,36
Carey Scurry,1985,37
Fernando Martin,1985,38
George Montgomery,1985,39
Mark Acres,1985,40
Lorenzo Charles,1985,41
Bobby Lee Hurt,1985,42
Barry Stevens,1985,43
Voise Winters,1985,44
Hot Rod Williams,1985,45
Adrian Branch,1985,46
Gerald Wilkins,1985,47
Brad Daugherty,1986,1
Len Bias,1986,2
Chris Washburn,1986,3
Chuck Person,1986,4
Kenny Walker,1986,5
William Bedford,1986,6
Roy Tarpley,1986,7
Ron Harper,1986,8
Brad Sellers,1986,9
Johnny Dawkins,1986,10
John Salley,1986,11
John Williams,1986,12
Dwayne Washington,1986,13
Walter Berry,1986,14
Dell Curry,1986,15
Mo Martin,1986,16
Harold Pressley,1986,17
Mark Alarie,1986,18
Billy Thompson,1986,19
Buck Johnson,1986,20
Anthony Jones,1986,21
Scott Skiles,1986,22
Ken Barlow,1986,23
Arvydas Sabonis,1986,24
Mark Price,1986,25
Greg Dreiling,1986,26
Dennis Rodman,1986,27
Larry Krystkowiak,1986,28
Johnny Newman,1986,29
Nate McMillan,1986,30
Joe Ward,1986,31
Cedric Henderson,1986,32
Kevin Duckworth,1986,33
Johnny Rogers,1986,34
Milt Wagner,1986,35
Steve Mitchell,1986,36
Parragiotis Fasoulas,1986,37
Lemone Lampley,1986,38
Rafael Addison,1986,39
Augusto Binelli,1986,40
Otis Smith,1986,41
Ron Kellogg,1986,42
Dave Feitl,1986,43
David Wingate,1986,44
Keith Smith,1986,45
Jeff Hornacek,1986,46
Michael Jackson,1986,47
David Robinson,1987,1
Armen Gilliam,1987,2
Dennis Hopson,1987,3
Reggie Williams,1987,4
Scottie Pippen,1987,5
Kenny Smith,1987,6
Kevin Johnson,1987,7
Olden Polynice,1987,8
Derrick McKey,1987,9
Horace Grant,1987,10
Reggie Miller,1987,11
Muggsy Bogues,1987,12
Joe Wolf,1987,13
Tellis Frank,1987,14
Jose Ortiz,1987,15
Chris Welp,1987,16
Ronnie Murphy,1987,17
Mark Jackson,1987,18
Ken Norman,1987,19
Jim Farmer,1987,20
Dallas Comegys,1987,21
Reggie Lewis,1987,22
Greg Anderson,1987,23
Fred Banks,1987,24
Ron Moore,1987,25
Steve Alford,1987,26
Nate Blackwell,1987,27
Rickie Winslow,1987,28
Lester Fonville,1987,29
Nikita Wilson,1987,30
Andre Moore,1987,31
Bob McCann,1987,32
Tony White,1987,33
Brian Rowsom,1987,34
Doug Lee,1987,35
Duane Washington,1987,36
Derrick Dowell,1987,37
Norris Coleman,1987,38
Vincent Askew,1987,39
Winston Garland,1987,40
Kannard Johnson,1987,41
Terence Bailey,1987,42
Andrew Kennedy,1987,43
Terry Coner,1987,44
Brad Lohaus,1987,45
Bruce Dalrymple,1987,46
Danny Manning,1988,1
Rik Smits,1988,2
Charles Smith,1988,3
Chris Morris,1988,4
Mitch Richmond,1988,5
Hersey Hawkins,1988,6
Tim Perry,1988,7
Rex Chapman,1988,8
Rony Seikaly,1988,9
Willie Anderson,1988,10
Will Perdue,1988,11
Harvey Grant,1988,12
Jeff Grayer,1988,13
Dan Majerle,1988,14
Gary Grant,1988,15
Derrick Chievous,1988,16
Eric Leckner,1988,17
Ricky Berry,1988,18
Rod Strickland,1988,19
Kevin Edwards,1988,20
Mark Bryant,1988,21
Randolph Keys,1988,22
Jerome Lane,1988,23
Brian Shaw,1988,24
David Rivers,1988,25
Rolando Ferreira,1988,26
Shelton Jones,1988,27
Andrew Lang,1988,28
Vinny Del Negro,1988,29
Fennis Dembo,1988,30
Everette Stephens,1988,31
Charles Shackleford,1988,32
Grant Long,1988,33
Tom Tolbert,1988,34
Sylvester Gray,1988,35
Ledell Eackles,1988,36
Greg Butler,1988,37
Dean Garrett,1988,38
Tito Horford,1988,39
Orlando Graham,1988,40
Keith Smart,1988,41
Jeff Moe,1988,42
Todd Mitchell,1988,43
Anthony Taylor,1988,44
Tom Garrick,1988,45
Morlon Wiley,1988,46
Vernon Maxwell,1988,47
Micheal Williams,1988,48
Jose Vargas,1988,49
Steve Kerr,1988,50
Pervis Ellison,1989,1
Danny Ferry,1989,2
Sean Elliott,1989,3
Glen Rice,1989,4
J.R. Reid,1989,5
Stacey King,1989,6
George McCloud,1989,7
Randy White,1989,8
Tom Hammonds,1989,9
Pooh Richardson,1989,10
Nick Anderson,1989,11
Mookie Blaylock,1989,12
Michael Smith,1989,13
Tim Hardaway,1989,14
Todd Lichti,1989,15
Dana Barros,1989,16
Shawn Kemp,1989,17
B.J. Armstrong,1989,18
Kenny Payne,1989,19
Jeff Sanders,1989,20
Blue Edwards,1989,21
Byron Irvin,1989,22
Roy Marble,1989,23
Anthony Cook,1989,24
John Morton,1989,25
Vlade Divac,1989,26
Kenny Battle,1989,27
Sherman Douglas,1989,28
Dyron Nix,1989,29
Frank Kornet,1989,30
Jeff Martin,1989,31
Stanley Brundy,1989,32
Jay Edwards,1989,33
Gary Leonard,1989,34
Pat Durham,1989,35
Clifford Robinson,1989,36
Michael Ansley,1989,37
Doug West,1989,38
Ed Horton,1989,39
Dino Radja,1989,40
Doug Roth,1989,41
Michael Cutright,1989,42
Chucky Brown,1989,43
Reggie Cross,1989,44
Scott Haffner,1989,45
Ricky Blanton,1989,46
Reggie Turner,1989,47
Junie Lewis,1989,48
Haywoode Workman,1989,49
Brian Quinnett,1989,50
Mike Morrison,1989,51
Greg Grant,1989,52
Jeff Hodge,1989,53
Toney Mack,1989,54
Derrick Coleman,1990,1
Gary Payton,1990,2
Mahmoud Abdul-Rauf,1990,3
Dennis Scott,1990,4
Kendall Gill,1990,5
Felton Spencer,1990,6
Lionel Simmons,1990,7
Bo Kimble,1990,8
Willie Burton,1990,9
Rumeal Robinson,1990,10
Tyrone Hill,1990,11
Alec Kessler,1990,12
Loy Vaught,1990,13
Travis Mays,1990,14
Dave Jamerson,1990,15
Terry Mills,1990,16
Jerrod Mustaf,1990,17
Duane Causwell,1990,18
Dee Brown,1990,19
Gerald Glass,1990,20
Jayson Williams,1990,21
Tate George,1990,22
Anthony Bonner,1990,23
Dwayne Schintzius,1990,24
Alaa Abdelnaby,1990,25
Lance Blanks,1990,26
Elden Campbell,1990,27
Les Jepsen,1990,28
Toni Kukoc,1990,29
Carl Herrera,1990,30
Negele Knight,1990,31
Brian Oliver,1990,32
Walter Palmer,1990,33
Kevin Pritchard,1990,34
Greg Foster,1990,35
Trevor Wilson,1990,36
A.J. English,1990,37
Jud Buechler,1990,38
Steve Scheffler,1990,39
Bimbo Coles,1990,40
Stephen Bardo,1990,41
Marcus Liberty,1990,42
Tony Massenburg,1990,43
Steve Henson,1990,44
Antonio Davis,1990,45
Kenny Williams,1990,46
Derek Strong,1990,47
Cedric Ceballos,1990,48
Phil Henderson,1990,49
Milos Babic,1990,50
Tony Smith,1990,51
Stefano Rusconi,1990,52
Abdul Shamsid-Deen,1990,53
Sean Higgins,1990,54
Larry Johnson,1991,1
Kenny Anderson,1991,2
Billy Owens,1991,3
Dikembe Mutombo,1991,4
Steven Smith,1991,5
Doug Smith,1991,6
Luc Longley,1991,7
Mark Macon,1991,8
Stacey Augmon,1991,9
Bison Dele,1991,10
Terrell Brandon,1991,11
Greg Anthony,1991,12
Dale Davis,1991,13
Rich King,1991,14
Anthony Avent,1991,15
Chris Gatling,1991,16
Victor Alexander,1991,17
Kevin Brooks,1991,18
Labradford Smith,1991,19
John Turner,1991,20
Eric Murdock,1991,21
LeRon Ellis,1991,22
Stanley Roberts,1991,23
Rick Fox,1991,24
Shaun Vandiver,1991,25
Mark Randall,1991,26
Pete Chilcutt,1991,27
Kevin Lynch,1991,28
George Ackles,1991,29
Rodney Monroe,1991,30
Randy Brown,1991,31
Chad Gallagher,1991,32
Donald Hodge,1991,33
Myron Brown,1991,34
Mike Iuzzolino,1991,35
Chris Corchiani,1991,36
Elliot Perry,1991,37
Joe Wylie,1991,38
Jimmy Oliver,1991,39
Doug Overton,1991,40
Sean Green,1991,41
Steve Hood,1991,42
Lamont Strothers,1991,43
Alvaro Teheran,1991,44
Bobby Phills,1991,45
Richard Dumas,1991,46
Keith Hughes,1991,47
Ike Austin,1991,48
Greg Sutton,1991,49
Joey Wright,1991,50
Zan Tabak,1991,51
Anthony Jones,1991,52
Von McDade,1991,53
Marcus Kennedy,1991,54
Shaquille O'Neal,1992,1
Alonzo Mourning,1992,2
Christian Laettner,1992,3
Jim Jackson,1992,4
LaPhonso Ellis,1992,5
Tom Gugliotta,1992,6
Walt Williams,1992,7
Todd Day,1992,8
Clar. Weatherspoon,1992,9
Adam Keefe,1992,10
Robert Horry,1992,11
Harold Miner,1992,12
Bryant Stith,1992,13
Malik Sealy,1992,14
Anthony Peeler,1992,15
Randy Woods,1992,16
Doug Christie,1992,17
Tracy Murray,1992,18
Don MacLean,1992,19
Hubert Davis,1992,20
Jon Barry,1992,21
Oliver Miller,1992,22
Lee Mayberry,1992,23
Latrell Sprewell,1992,24
Elmore Spencer,1992,25
Dave Johnson,1992,26
Byron Houston,1992,27
Marlon Maxey,1992,28
P.J. Brown,1992,29
Sean Rooks,1992,30
Reggie Smith,1992,31
Brent Price,1992,32
Corey Williams,1992,33
Chris Smith,1992,34
Tony Bennett,1992,35
Duane Cooper,1992,36
Isaiah Morris,1992,37
Elmer Bennett,1992,38
Litterial Green,1992,39
Steve Rogers,1992,40
Popeye Jones,1992,41
Matt Geiger,1992,42
Sasha Danilovic,1992,43
Henry Williams,1992,44
Chris King,1992,45
Robert Werdann,1992,46
Darren Morningstar,1992,47
Brian Davis,1992,48
Ron Ellis,1992,49
Matt Fish,1992,50
Tim Burroughs,1992,51
Matt Steigenga,1992,52
Curtis Blair,1992,53
Brett Roberts,1992,54
Chris Webber,1993,1
Shawn Bradley,1993,2
Anfernee Hardaway,1993,3
Jamal Mashburn,1993,4
Isaiah Rider,1993,5
Calbert Cheaney,1993,6
Bobby Hurley,1993,7
Vin Baker,1993,8
Rodney Rogers,1993,9
Lindsey Hunter,1993,10
Allan Houston,1993,11
George Lynch,1993,12
Terry Dehere,1993,13
Scott Haskin,1993,14
Doug Edwards,1993,15
Rex Walters,1993,16
Greg Graham,1993,17
Luther Wright,1993,18
Acie Earl,1993,19
Scott Burrell,1993,20
James Robinson,1993,21
Chris Mills,1993,22
Ervin Johnson,1993,23
Sam Cassell,1993,24
Corie Blount,1993,25
Geert Hammink,1993,26
Malcolm Mackey,1993,27
Lucious Harris,1993,28
Sherron Mills,1993,29
Gheorghe Muresan,1993,30
Evers Burns,1993,31
Alphonso Ford,1993,32
Eric Riley,1993,33
Darnell Mee,1993,34
Ed Stokes,1993,35
John Best,1993,36
Nick Van Exel,1993,37
Conrad McRae,1993,38
Thomas Hill,1993,39
Richard Manning,1993,40
Anthony Reed,1993,41
Adonis Jordan,1993,42
Josh Grant,1993,43
Alex Holcombe,1993,44
Bryon Russell,1993,45
Richard Petruska,1993,46
Chris Whitney,1993,47
Kevin Thompson,1993,48
Mark Buford,1993,49
Marcelo Nicola,1993,50
Spencer Dunkley,1993,51
Mike Peplowski,1993,52
Leonard White,1993,53
Byron Wilson,1993,54
Glenn Robinson,1994,1
Jason Kidd,1994,2
Grant Hill,1994,3
Donyell Marshall,1994,4
Juwan Howard,1994,5
Sharone Wright,1994,6
Lamond Murray,1994,7
Brian Grant,1994,8
Eric Montross,1994,9
Eddie Jones,1994,10
Carlos Rogers,1994,11
Khalid Reeves,1994,12
Jalen Rose,1994,13
Yinka Dare,1994,14
Eric Piatkowski,1994,15
Clifford Rozier,1994,16
Aaron McKie,1994,17
Eric Mobley,1994,18
Tony Dumas,1994,19
B.J. Tyler,1994,20
Dickey Simpkins,1994,21
Bill Curley,1994,22
Wesley Person,1994,23
Monty Williams,1994,24
Greg Minor,1994,25
Charlie Ward,1994,26
Brooks Thompson,1994,27
Deon Thomas,1994,28
Antonio Lang,1994,29
Howard Eisley,1994,30
Rodney Dent,1994,31
Jim McIlvaine,1994,32
Derrick Alston,1994,33
Gaylon Nickerson,1994,34
Michael Smith,1994,35
Andrei Fetisov,1994,36
Dontonio Wingfield,1994,37
Darrin Hancock,1994,38
Anthony Miller,1994,39
Jeff Webster,1994,40
William Njoku,1994,41
Gary Collier,1994,42
Shawnelle Scott,1994,43
Damon Bailey,1994,44
Dwayne Morton,1994,45
Voshon Lenard,1994,46
Jamie Watson,1994,47
Jevon Crudup,1994,48
Kris Bruton,1994,49
Charles Claxton,1994,50
Lawrence Funderburke,1994,51
Anthony Goldwire,1994,52
Albert Burditt,1994,53
Zeljko Rebraca,1994,54
Joe Smith,1995,1
Antonio McDyess,1995,2
Jerry Stackhouse,1995,3
Rasheed Wallace,1995,4
Kevin Garnett,1995,5
Bryant Reeves,1995,6
Damon Stoudamire,1995,7
Shawn Respert,1995,8
Ed O'Bannon,1995,9
Kurt Thomas,1995,10
Gary Trent,1995,11
Cherokee Parks,1995,12
Corliss Williamson,1995,13
Eric Williams,1995,14
Brent Barry,1995,15
Alan Henderson,1995,16
Bob Sura,1995,17
Theo Ratliff,1995,18
Randolph Childress,1995,19
Jason Caffey,1995,20
Michael Finley,1995,21
George Zidek,1995,22
Travis Best,1995,23
Loren Meyer,1995,24
David Vaughn,1995,25
Sherell Ford,1995,26
Mario Bennett,1995,27
Greg Ostertag,1995,28
Cory Alexander,1995,29
Lou Roe,1995,30
Dragan Tarlac,1995,31
Terrence Rencher,1995,32
Junior Burrough,1995,33
Andrew DeClercq,1995,34
Jimmy King,1995,35
Lawrence Moten,1995,36
Frankie King,1995,37
Rashard Griffith,1995,38
Donny Marshall,1995,39
Dwayne Whitfield,1995,40
Erik Meek,1995,41
Donnie Boyce,1995,42
Eric Snow,1995,43
Anthony Pelle,1995,44
Troy Brown,1995,45
George Banks,1995,46
Tyus Edney,1995,47
Mark Davis,1995,48
Jerome Allen,1995,49
Martin Lewis,1995,50
Dejan Bodiroga,1995,51
Fred Hoiberg,1995,52
Constantin Popa,1995,53
Aurelijius Zukauskas,1995,54
Michael McDonald,1995,55
Chris Carr,1995,56
Cuonzo Martin,1995,57
Don Reid,1995,58
Allen Iverson,1996,1
Marcus Camby,1996,2
Shareef Abdur-Rahim,1996,3
Stephon Marbury,1996,4
Ray Allen,1996,5
Antoine Walker,1996,6
Lorenzen Wright,1996,7
Kerry Kittles,1996,8
Samaki Walker,1996,9
Erick Dampier,1996,10
Todd Fuller,1996,11
Vitaly Potapenko,1996,12
Kobe Bryant,1996,13
Peja Stojakovic,1996,14
Steve Nash,1996,15
Tony Delk,1996,16
Jermaine O'Neal,1996,17
John Wallace,1996,18
Walter McCarty,1996,19
Zydrunas Ilgauskas,1996,20
Dontae' Jones,1996,21
Roy Rogers,1996,22
Efthimios Rentzias,1996,23
Derek Fisher,1996,24
Martin Muursepp,1996,25
Jerome Williams,1996,26
Brian Evans,1996,27
Priest Lauderdale,1996,28
Travis Knight,1996,29
Othella Harrington,1996,30
Mark Hendrickson,1996,31
Ryan Minor,1996,32
Moochie Norris,1996,33
Shawn Harvey,1996,34
Joseph Blair,1996,35
Doron Sheffer,1996,36
Jeff McInnis,1996,37
Steve Hamer,1996,38
Russ Millard,1996,39
Marcus Mann,1996,40
Jason Sasser,1996,41
Randy Livingston,1996,42
Ben Davis,1996,43
Malik Rose,1996,44
Joe Vogel,1996,45
Marcus Brown,1996,46
Ron Riley,1996,47
Jamie Feick,1996,48
Amal McCaskill,1996,49
Terrell Bell,1996,50
Chris Robinson,1996,51
Mark Pope,1996,52
Jeff Nordgaard,1996,53
Shandon Anderson,1996,54
Ronnie Henderson,1996,55
Reggie Geary,1996,56
Drew Barry,1996,57
Darnell Robinson,1996,58
Kenyon Martin,2000,1
Stromile Swift,2000,2
Darius Miles,2000,3
Marcus Fizer,2000,4
Mike Miller,2000,5
DerMarr Johnson,2000,6
Chris Mihm,2000,7
Jamal Crawford,2000,8
Joel Przybilla,2000,9
Keyon Dooling,2000,10
Jerome Moiso,2000,11
Etan Thomas,2000,12
Courtney Alexander,2000,13
Mateen Cleaves,2000,14
Jason Collier,2000,15
Hedo Turkoglu,2000,16
Desmond Mason,2000,17
Quentin Richardson,2000,18
Jamaal Magloire,2000,19
Speedy Claxton,2000,20
Morris Peterson,2000,21
Donnell Harvey,2000,22
DeShawn Stevenson,2000,23
Dalibor Bagaric,2000,24
Jake Tsakalidis,2000,25
Mamadou N'diaye,2000,26
Primoz Brezec,2000,27
Erick Barkley,2000,28
Mark Madsen,2000,29
Marko Jaric,2000,30
Dan Langhi,2000,31
A.J. Guyton,2000,32
Jake Voskuhl,2000,33
Khalid El-Amin,2000,34
Mike Smith,2000,35
Soumaila Samake,2000,36
Eddie House,2000,37
Eduardo Najera,2000,38
Lavor Postell,2000,39
Hanno Mottola,2000,40
Chris Carrawell,2000,41
Olumide Oyedeji,2000,42
Michael Redd,2000,43
Brian Cardinal,2000,44
Jabari Smith,2000,45
DeeAndre Hulett,2000,46
Josip Sesar,2000,47
Mark Karcher,2000,48
Jason Hart,2000,49
Kaniel Dickens,2000,50
Igor Rakocevic,2000,51
Ernest Brown,2000,52
Dan McClintock,2000,53
Cory Hightower,2000,54
Chris Porter,2000,55
Jaquay Walls,2000,56
Scoonie Penn,2000,57
Pete Mickeal,2000,58
LeBron James,2003,1
Darko Milicic,2003,2
Carmelo Anthony,2003,3
Chris Bosh,2003,4
Dwyane Wade,2003,5
Chris Kaman,2003,6
Kirk Hinrich,2003,7
T.J. Ford,2003,8
Michael Sweetney,2003,9
Jarvis Hayes,2003,10
Mickael Pietrus,2003,11
Nick Collison,2003,12
Marcus Banks,2003,13
Luke Ridnour,2003,14
Reece Gaines,2003,15
Troy Bell,2003,16
Zarko Cabarkapa,2003,17
David West,2003,18
Sasha Pavlovic,2003,19
Dahntay Jones,2003,20
Boris Diaw,2003,21
Zoran Planinic,2003,22
Travis Outlaw,2003,23
Brian Cook,2003,24
Carlos Delfino,2003,25
Ndudi Ebi,2003,26
Kendrick Perkins,2003,27
Leandro Barbosa,2003,28
Josh Howard,2003,29
Maciej Lampe,2003,30
Jason Kapono,2003,31
Luke Walton,2003,32
Jerome Beasley,2003,33
Sofoklis Schortsanitis,2003,34
Szymon Szewczyk,2003,35
Mario Austin,2003,36
Travis Hansen,2003,37
Steve Blake,2003,38
Slavko Vranes,2003,39
Derrick Zimmerman,2003,40
Willie Green,2003,41
Zaza Pachulia,2003,42
Keith Bogans,2003,43
Malick Badiane,2003,44
Matt Bonner,2003,45
Sani Becirovic,2003,46
Mo Williams,2003,47
James Lang,2003,48
James Jones,2003,49
Paccelis Morlende,2003,50
Kyle Korver,2003,51
Remon Van de Hare,2003,52
Tommy Smith,2003,53
Nedzad Sinanovic,2003,54
Rick Rickert,2003,55
Brandon Hunter,2003,56
Xue Yuyang,2003,57
Andreas Glyniadakis,2003,58
Dwight Howard,2004,1
Emeka Okafor,2004,2
Ben Gordon,2004,3
Shaun Livingston,2004,4
Devin Harris,2004,5
Josh Childress,2004,6
Luol Deng,2004,7
Rafael Araujo,2004,8
Andre Iguodala,2004,9
Luke Jackson,2004,10
Andris Biedrins,2004,11
Robert Swift,2004,12
Sebastian Telfair,2004,13
Kris Humphries,2004,14
Al Jefferson,2004,15
Kirk Snyder,2004,16
Josh Smith,2004,17
JR Smith,2004,18
Dorell Wright,2004,19
Jameer Nelson,2004,20
Pavel Podkolzin,2004,21
Viktor Khryapa,2004,22
Sergei Monia,2004,23
Delonte West,2004,24
Tony Allen,2004,25
Kevin Martin,2004,26
Sasha Vujacic,2004,27
Beno Udrih,2004,28
David Harrison,2004,29
Anderson Varejao,2004,30
Jackson Vroman,2004,31
Peter John Ramos,2004,32
Lionel Chalmers,2004,33
Donta Smith,2004,34
Andre Emmett,2004,35
Antonio Burks,2004,36
Royal Ivey,2004,37
Chris Duhon,2004,38
Albert Miralles,2004,39
Justin Reed,2004,40
David Young,2004,41
Viktor Sanikidze,2004,42
Trevor Ariza,2004,43
Tim Pickett,2004,44
Bernard Robinson,2004,45
Ha Ha,2004,46
Pape Sow,2004,47
Ricky Minard,2004,48
Sergei Lishouk,2004,49
Vassilis Spanoulis,2004,50
Christian Drejer,2004,51
Romain Sato,2004,52
Matt Freije,2004,53
Rickey Paulding,2004,54
Luis Flores,2004,55
Marcus Douthit,2004,56
Sergei Karaulov,2004,57
Blake Stepp,2004,58
Rashad Wright,2004,59
Andrew Bogut,2005,1
Marvin Williams,2005,2
Deron Williams,2005,3
Chris Paul,2005,4
Raymond Felton,2005,5
Martell Webster,2005,6
Charlie Villanueva,2005,7
Channing Frye,2005,8
Ike Diogu,2005,9
Andrew Bynum,2005,10
Fran Vazquez,2005,11
Yaroslav Korolev,2005,12
Sean May,2005,13
Rashad McCants,2005,14
Antoine Wright,2005,15
Joey Graham,2005,16
Danny Granger,2005,17
Gerald Green,2005,18
Hakim Warrick,2005,19
Julius Hodge,2005,20
Nate Robinson,2005,21
Jarrett Jack,2005,22
Francisco Garcia,2005,23
Luther Head,2005,24
Johan Petro,2005,25
Jason Maxiell,2005,26
Linas Kleiza,2005,27
Ian Mahinmi,2005,28
Wayne Simien,2005,29
David Lee,2005,30
Salim Stoudamire,2005,31
Daniel Ewing,2005,32
Brandon Bass,2005,33
CJ Miles,2005,34
Ricky Sanchez,2005,35
Ersan Ilyasova,2005,36
Ronny Turiaf,2005,37
Travis Diener,2005,38
Von Wafer,2005,39
Monta Ellis,2005,40
Roko Ukic,2005,41
Chris Taft,2005,42
Mile Ilic,2005,43
Martynas Andriuskevicius,2005,44
Lou Williams,2005,45
Erazem Lorbek,2005,46
Bracey Wright,2005,47
Mickael Gelabale,2005,48
Andray Blatche,2005,49
Ryan Gomes,2005,50
Robert Whaley,2005,51
Axel Hervelle,2005,52
Orien Greene,2005,53
Dijon Thompson,2005,54
Lawrence Roberts,2005,55
Amir Johnson,2005,56
Marcin Gortat,2005,57
Uros Slokar,2005,58
Cenk Akyol,2005,59
Alex Acker,2005,60
Andrea Bargnani,2006,1
LaMarcus Aldridge,2006,2
Adam Morrison,2006,3
Tyrus Thomas,2006,4
Shelden Williams,2006,5
Brandon Roy,2006,6
Randy Foye,2006,7
Rudy Gay,2006,8
Patrick O'Bryant,2006,9
Mouhamed Sene,2006,10
JJ Redick,2006,11
Hilton Armstrong,2006,12
Thabo Sefolosha,2006,13
Ronnie Brewer,2006,14
Cedric Simmons,2006,15
Rodney Carney,2006,16
Shawne Williams,2006,17
Oleksiy Pecherov,2006,18
Quincy Douby,2006,19
Renaldo Balkman,2006,20
Rajon Rondo,2006,21
Marcus Williams,2006,22
Josh Boone,2006,23
Kyle Lowry,2006,24
Shannon Brown,2006,25
Jordan Farmar,2006,26
Sergio Rodriguez,2006,27
Maurice Ager,2006,28
Mardy Collins,2006,29
Joel Freeland,2006,30
James White,2006,31
Steve Novak,2006,32
Solomon Jones,2006,33
Paul Davis,2006,34
PJ Tucker,2006,35
Craig Smith,2006,36
Bobby Jones,2006,37
Kosta Perovic,2006,38
David Noel,2006,39
Denham Brown,2006,40
James Augustine,2006,41
Daniel Gibson,2006,42
Marcus Vinicius,2006,43
Lior Eliyahu,2006,44
Alexander Johnson,2006,45
Dee Brown,2006,46
Paul Millsap,2006,47
Vladimir Veremeenko,2006,48
Leon Powe,2006,49
Ryan Hollins,2006,50
Cheikh Samb,2006,51
Guillermo Diaz,2006,52
Yotam Halperin,2006,53
Hassan Adams,2006,54
Ejike Ugboaja,2006,55
Edin Bavcic,2006,56
Loukas Mavrokefalidis,2006,57
JR Pinnock,2006,58
Damir Markota,2006,59
Will Blalock,2006,60
Greg Oden,2007,1
Kevin Durant,2007,2
Al Horford,2007,3
Mike Conley,2007,4
Jeff Green,2007,5
Yi Jianlian,2007,6
Corey Brewer,2007,7
Brandan Wright,2007,8
Joakim Noah,2007,9
Spencer Hawes,2007,10
Acie Law,2007,11
Thaddeus Young,2007,12
Julian Wright,2007,13
Al Thornton,2007,14
Rodney Stuckey,2007,15
Nick Young,2007,16
Sean Williams,2007,17
Marco Belinelli,2007,18
Javaris Crittenton,2007,19
Jason Smith,2007,20
Daequan Cook,2007,21
Jared Dudley,2007,22
Wilson Chandler,2007,23
Rudy Fernandez,2007,24
Morris Almond,2007,25
Aaron Brooks,2007,26
Arron Afflalo,2007,27
Tiago Splitter,2007,28
Alando Tucker,2007,29
Petteri Koponen,2007,30
Carl Landry,2007,31
Gabe Pruitt,2007,32
Marcus Williams,2007,33
Nick Fazekas,2007,34
Glen Davis,2007,35
Jermareo Davidson,2007,36
Josh McRoberts,2007,37
Kyrylo Fesenko,2007,38
Stanko Barac,2007,39
Sun Sun,2007,40
Chris Richard,2007,41
Derrick Byars,2007,42
Adam Haluska,2007,43
Reyshawn Terry,2007,44
Jared Jordan,2007,45
Stephane Lasme,2007,46
Dominic McGuire,2007,47
Marc Gasol,2007,48
Aaron Gray,2007,49
Renaldas Seibutis,2007,50
JamesOn Curry,2007,51
Taurean Green,2007,52
Demetris Nichols,2007,53
Brad Newley,2007,54
Herbert Hill,2007,55
Ramon Sessions,2007,56
Sammy Mejia,2007,57
Giorgos Printezis,2007,58
DJ Strawberry,2007,59
Milovan Rakovic,2007,60
Derrick Rose,2008,1
Michael Beasley,2008,2
O.J. Mayo,2008,3
Russell Westbrook,2008,4
Kevin Love,2008,5
Danilo Gallinari,2008,6
Eric Gordon,2008,7
Joe Alexander,2008,8
D.J. Augustin,2008,9
Brook Lopez,2008,10
Jerryd Bayless,2008,11
Jason Thompson,2008,12
Brandon Rush,2008,13
Anthony Randolph,2008,14
Robin Lopez,2008,15
Marreese Speights,2008,16
Roy Hibbert,2008,17
JaVale McGee,2008,18
JJ Hickson,2008,19
Alexis Ajinca,2008,20
Ryan Anderson,2008,21
Courtney Lee,2008,22
Kosta Koufos,2008,23
Serge Ibaka,2008,24
Nicolas Batum,2008,25
George Hill,2008,26
Darrell Arthur,2008,27
Donte Greene,2008,28
DJ White,2008,29
J.R. Giddens,2008,30
Nikola Pekovic,2008,31
Walter Sharpe,2008,32
Joey Dorsey,2008,33
Mario Chalmers,2008,34
DeAndre Jordan,2008,35
Omer Asik,2008,36
Luc Mbah a Moute,2008,37
Kyle Weaver,2008,38
Sonny Weems,2008,39
Chris Douglas-Roberts,2008,40
Nathan Jawai,2008,41
Sean Singletary,2008,42
Patrick Ewing,2008,43
Ante Tomic,2008,44
Goran Dragic,2008,45
Trent Plaisted,2008,46
Henry Walker,2008,47
Malik Hairston,2008,48
Richard Hendrix,2008,49
DeVon Hardin,2008,50
Shan Foster,2008,51
Darnell Jackson,2008,52
Tadija Dragicevic,2008,53
Maarty Leunen,2008,54
Mike Taylor,2008,55
Sasha Kaun,2008,56
James Gist,2008,57
Joe Crawford,2008,58
Deron Washington,2008,59
Semih Erden,2008,60
Blake Griffin,2009,1
Hasheem Thabeet,2009,2
James Harden,2009,3
Tyreke Evans,2009,4
Ricky Rubio,2009,5
Jonny Flynn,2009,6
Stephen Curry,2009,7
Jordan Hill,2009,8
DeMar DeRozan,2009,9
Brandon Jennings,2009,10
Terrence Williams,2009,11
Gerald Henderson,2009,12
Tyler Hansbrough,2009,13
Earl Clark,2009,14
Austin Daye,2009,15
James Johnson,2009,16
Jrue Holiday,2009,17
Ty Lawson,2009,18
Jeff Teague,2009,19
Eric Maynor,2009,20
Darren Collison,2009,21
Victor Claver,2009,22
Omri Casspi,2009,23
Byron Mullens,2009,24
Rodrigue Beaubois,2009,25
Taj Gibson,2009,26
DeMarre Carroll,2009,27
Wayne Ellington,2009,28
Toney Douglas,2009,29
Christian Eyenga,2009,30
Jeff Ayres,2009,31
Jermaine Taylor,2009,32
Dante Cunningham,2009,33
Sergio Llull,2009,34
DaJuan Summers,2009,35
Sam Young,2009,36
DeJuan Blair,2009,37
Jon Brockman,2009,38
Jonas Jerebko,2009,39
Derrick Brown,2009,40
Jodie Meeks,2009,41
Patrick Beverley,2009,42
Marcus Thornton,2009,43
Chase Budinger,2009,44
Nick Calathes,2009,45
Danny Green,2009,46
Henk Norel,2009,47
Taylor Griffin,2009,48
Sergiy Gladyr,2009,49
Goran Suton,2009,50
Jack McClinton,2009,51
AJ Price,2009,52
Nando De Colo,2009,53
Robert Vaden,2009,54
Patty Mills,2009,55
Ahmad Nivins,2009,56
Emir Preldzic,2009,57
Lester Hudson,2009,58
Chinemelu Elonu,2009,59
Robert Dozier,2009,60
John Wall,2010,1
Evan Turner,2010,2
Derrick Favors,2010,3
Wesley Johnson,2010,4
DeMarcus Cousins,2010,5
Ekpe Udoh,2010,6
Greg Monroe,2010,7
Al-Farouq Aminu,2010,8
Gordon Hayward,2010,9
Paul George,2010,10
Cole Aldrich,2010,11
Xavier Henry,2010,12
Ed Davis,2010,13
Patrick Patterson,2010,14
Larry Sanders,2010,15
Luke Babbitt,2010,16
Kevin Seraphin,2010,17
Eric Bledsoe,2010,18
Avery Bradley,2010,19
James Anderson,2010,20
Craig Brackins,2010,21
Elliot Williams,2010,22
Trevor Booker,2010,23
Damion James,2010,24
Dominique Jones,2010,25
Quincy Pondexter,2010,26
Jordan Crawford,2010,27
Greivis Vasquez,2010,28
Daniel Orton,2010,29
Lazar Hayward,2010,30
Tibor Pleiss,2010,31
Dexter Pittman,2010,32
Hassan Whiteside,2010,33
Armon Johnson,2010,34
Nemanja Bjelica,2010,35
Terrico White,2010,36
Darington Hobson,2010,37
Andy Rautins,2010,38
Landry Fields,2010,39
Lance Stephenson,2010,40
Jarvis Varnado,2010,41
Da'Sean Butler,2010,42
Devin Ebanks,2010,43
Jerome Jordan,2010,44
Paulao Prestes,2010,45
Gani Lawal,2010,46
Tiny Gallon,2010,47
Latavious Williams,2010,48
Ryan Richards,2010,49
Solomon Alabi,2010,50
Magnum Rolle,2010,51
Luke Harangody,2010,52
Pape Sy,2010,53
Willie Warren,2010,54
Jeremy Evans,2010,55
Hamady Ndiaye,2010,56
Ryan Reid,2010,57
Derrick Caracter,2010,58
Stanley Robinson,2010,59
Dwayne Collins,2010,60
Kyrie Irving,2011,1
Derrick Williams,2011,2
Enes Kanter,2011,3
Tristan Thompson,2011,4
Jonas Valanciunas,2011,5
Jan Vesely,2011,6
Bismack Biyombo,2011,7
Brandon Knight,2011,8
Kemba Walker,2011,9
Jimmer Fredette,2011,10
Klay Thompson,2011,11
Alec Burks,2011,12
Markieff Morris,2011,13
Marcus Morris,2011,14
Kawhi Leonard,2011,15
Nikola Vucevic,2011,16
Iman Shumpert,2011,17
Chris Singleton,2011,18
Tobias Harris,2011,19
Donatas Motiejunas,2011,20
Nolan Smith,2011,21
Kenneth Faried,2011,22
Nikola Mirotic,2011,23
Reggie Jackson,2011,24
MarShon Brooks,2011,25
Jordan Hamilton,2011,26
JaJuan Johnson,2011,27
Norris Cole,2011,28
Cory Joseph,2011,29
Jimmy Butler,2011,30
Bojan Bogdanovic,2011,31
Justin Harper,2011,32
Kyle Singler,2011,33
Shelvin Mack,2011,34
Tyler Honeycutt,2011,35
Jordan Williams,2011,36
Trey Thompkins,2011,37
Chandler Parsons,2011,38
Jeremy Tyler,2011,39
Jon Leuer,2011,40
Darius Morris,2011,41
Davis Bertans,2011,42
Malcolm Lee,2011,43
Charles Jenkins,2011,44
Josh Harrellson,2011,45
Andrew Goudelock,2011,46
Travis Leslie,2011,47
Keith Benson,2011,48
Josh Selby,2011,49
Lavoy Allen,2011,50
Jon Diebler,2011,51
Vernon Macklin,2011,52
DeAndre Liggins,2011,53
MIlan Macvan,2011,54
E'Twaun Moore,2011,55
Chukwudiebere Maduabum,2011,56
Tanguy Ngombo,2011,57
Ater Majok,2011,58
Adam Hanga,2011,59
Isaiah Thomas,2011,60
Anthony Davis,2012,1
Michael Kidd-Gilchrist,2012,2
Bradley Beal,2012,3
Dion Waiters,2012,4
Thomas Robinson,2012,5
Damian Lillard,2012,6
Harrison Barnes,2012,7
Terrence Ross,2012,8
Andre Drummond,2012,9
Austin Rivers,2012,10
Meyers Leonard,2012,11
Jeremy Lamb,2012,12
Kendall Marshall,2012,13
John Henson,2012,14
Maurice Harkless,2012,15
Royce White,2012,16
Tyler Zeller,2012,17
Terrence Jones,2012,18
Andrew Nicholson,2012,19
Evan Fournier,2012,20
Jared Sullinger,2012,21
Fab Melo,2012,22
John Jenkins,2012,23
Jared Cunningham,2012,24
Tony Wroten,2012,25
Miles Plumlee,2012,26
Arnett Moultrie,2012,27
Perry Jones III,2012,28
Marquis Teague,2012,29
Festus Ezeli,2012,30
Jeffery Taylor,2012,31
Tomas Satoransky,2012,32
Bernard James,2012,33
Jae Crowder,2012,34
Draymond Green,2012,35
Orlando Johnson,2012,36
Quincy Acy,2012,37
Quincy Miller,2012,38
Khris Middleton,2012,39
Will Barton,2012,40
Tyshawn Taylor,2012,41
Doron Lamb,2012,42
Mike Scott,2012,43
Kim English,2012,44
Justin Hamilton,2012,45
Darius Miller,2012,46
Kevin Murphy,2012,47
Kostas Papanikolaou,2012,48
Kyle O'Quinn,2012,49
Izzet Turkyilmaz,2012,50
Kris Joseph,2012,51
Ognjen Kuzmic,2012,52
Furkan Aldemir,2012,53
Tornike Shengelia,2012,54
Darius Johnson-Odom,2012,55
Tomislav Zubcic,2012,56
Ilkan Karaman,2012,57
Robbie Hummel,2012,58
Marcus Denmon,2012,59
Robert Sacre,2012,60
Anthony Bennett,2013,1
Victor Oladipo,2013,2
Otto Porter Jr.,2013,3
Cody Zeller,2013,4
Alex Len,2013,5
Nerlens Noel,2013,6
Ben McLemore,2013,7
Kentavious Caldwell-Pope,2013,8
Trey Burke,2013,9
CJ McCollum,2013,10
Michael Carter-Williams,2013,11
Steven Adams,2013,12
Kelly Olynyk,2013,13
Shabazz Muhammad,2013,14
Giannis Antetokounmpo,2013,15
Lucas Nogueira,2013,16
Dennis Schroder,2013,17
Shane Larkin,2013,18
Sergey Karasev,2013,19
Tony Snell,2013,20
Gorgui Dieng,2013,21
Mason Plumlee,2013,22
Solomon Hill,2013,23
Tim Hardaway Jr.,2013,24
Reggie Bullock,2013,25
Andre Roberson,2013,26
Rudy Gobert,2013,27
Livio Jean-Charles,2013,28
Archie Goodwin,2013,29
Nemanja Nedovic,2013,30
Allen Crabbe,2013,31
Alex Abrines,2013,32
Carrick Felix,2013,33
Isaiah Canaan,2013,34
Glen Rice,2013,35
Ray McCallum,2013,36
Tony Mitchell,2013,37
Nate Wolters,2013,38
Jeff Withey,2013,39
Grant Jerrett,2013,40
Jamaal Franklin,2013,41
Pierre Jackson,2013,42
Ricky Ledo,2013,43
Mike Muscala,2013,44
Marko Todorovic,2013,45
Erick Green,2013,46
Raul Neto,2013,47
Ryan Kelly,2013,48
Erik Murphy,2013,49
James Ennis III,2013,50
Romero Osby,2013,51
Lorenzo Brown,2013,52
Colton Iverson,2013,53
Arsalan Kazemi,2013,54
Joffrey Lauvergne,2013,55
Peyton Siva,2013,56
Alex Oriakhi,2013,57
Deshaun Thomas,2013,58
Bojan Dubljevic,2013,59
Janis Timma,2013,60
Andrew Wiggins,2014,1
Jabari Parker,2014,2
Joel Embiid,2014,3
Aaron Gordon,2014,4
Dante Exum,2014,5
Marcus Smart,2014,6
Julius Randle,2014,7
Nik Stauskas,2014,8
Noah Vonleh,2014,9
Elfrid Payton,2014,10
Doug McDermott,2014,11
Dario Saric,2014,12
Zach LaVine,2014,13
TJ Warren,2014,14
Adreian Payne,2014,15
Jusuf Nurkic,2014,16
James Young,2014,17
Tyler Ennis,2014,18
Gary Harris,2014,19
Bruno Caboclo,2014,20
Mitch McGary,2014,21
Jordan Adams,2014,22
Rodney Hood,2014,23
Shabazz Napier,2014,24
Clint Capela,2014,25
PJ Hairston,2014,26
Bogdan Bogdanovic,2014,27
CJ Wilcox,2014,28
Josh Huestis,2014,29
Kyle Anderson,2014,30
Damien Inglis,2014,31
KJ McDaniels,2014,32
Joe Harris,2014,33
Cleanthony Early,2014,34
Jarnell Stokes,2014,35
Johnny O'Bryant III,2014,36
DeAndre Daniels,2014,37
Spencer Dinwiddie,2014,38
Jerami Grant,2014,39
Glenn Robinson III,2014,40
Nikola Jokic,2014,41
Nick Johnson,2014,42
Edy Tavares,2014,43
Markel Brown,2014,44
Dwight Powell,2014,45
Jordan Clarkson,2014,46
Russ Smith,2014,47
Lamar Patterson,2014,48
Cameron Bairstow,2014,49
Alec Brown,2014,50
Thanasis Antetokounmpo,2014,51
Vasilije Micic,2014,52
Alessandro Gentile,2014,53
Nemanja Dangubic,2014,54
Semaj Christon,2014,55
Devyn Marble,2014,56
Louis Labeyrie,2014,57
Jordan McRae,2014,58
Xavier Thames,2014,59
Cory Jefferson,2014,60
Karl-Anthony Towns,2015,1
D'Angelo Russell,2015,2
Jahlil Okafor,2015,3
Kristaps Porzingis,2015,4
Mario Hezonja,2015,5
Willie Cauley-Stein,2015,6
Emmanuel Mudiay,2015,7
Stanley Johnson,2015,8
Frank Kaminsky,2015,9
Justise Winslow,2015,10
Myles Turner,2015,11
Trey Lyles,2015,12
Devin Booker,2015,13
Cameron Payne,2015,14
Kelly Oubre Jr.,2015,15
Terry Rozier,2015,16
Rashad Vaughn,2015,17
Sam Dekker,2015,18
Jerian Grant,2015,19
Delon Wright,2015,20
Justin Anderson,2015,21
Bobby Portis,2015,22
Rondae Hollis-Jefferson,2015,23
Tyus Jones,2015,24
Jarell Martin,2015,25
Nikola Milutinov,2015,26
Larry Nance Jr.,2015,27
RJ Hunter,2015,28
Chris McCullough,2015,29
Kevon Looney,2015,30
Cedi Osman,2015,31
Montrezl Harrell,2015,32
Jordan Mickey,2015,33
Anthony Brown,2015,34
Willy Hernangomez,2015,35
Rakeem Christmas,2015,36
Richaun Holmes,2015,37
Darrun Hilliard,2015,38
Juan Pablo Vaulet,2015,39
Josh Richardson,2015,40
Pat Connaughton,2015,41
Olivier Hanlan,2015,42
Joe Young,2015,43
Andrew Harrison,2015,44
Marcus Thornton,2015,45
Norman Powell,2015,46
Arturas Gudaitis,2015,47
Dakari Johnson,2015,48
Aaron White,2015,49
Marcus Eriksson,2015,50
Tyler Harvey,2015,51
Satnam Singh,2015,52
Sir'Dominic Pointer,2015,53
Daniel Diez,2015,54
Cady Lalanne,2015,55
Branden Dawson,2015,56
Nikola Radicevic,2015,57
JP Tokoto,2015,58
Dimitrios Agravanis,2015,59
Luka Mitrovic,2015,60
